{
  "pages_analyzed": 214,
  "features_per_page": {
    "ink_density": 0.0156,
    "color_variance": 688.43,
    "image_width": 2550,
    "image_height": 3300,
    "num_text_regions": 13,
    "total_text_area": 754289,
    "mean_region_size": 58022.2,
    "total_glyphs": 316,
    "glyphs_per_region": 26.3,
    "mean_glyph_width": 20.0,
    "mean_glyph_height": 27.1,
    "illustration_ratio": 0.9104,
    "glyph_density": 0.000419
  },
  "correlation": {
    "feature_names": [
      "ink_density",
      "color_variance",
      "num_text_regions",
      "total_text_area",
      "mean_region_size",
      "total_glyphs",
      "glyphs_per_region",
      "mean_glyph_width",
      "mean_glyph_height",
      "illustration_ratio",
      "glyph_density"
    ],
    "matrix": [
      [
        1.0,
        0.6132228215509876,
        -0.19826231918409074,
        0.43575566469977706,
        0.43769889027563463,
        -0.05717375212351013,
        -0.0495149695522113,
        -0.07755001151387424,
        0.034063153457303486,
        -0.43574554291959233,
        -0.13302623396306332
      ],
      [
        0.6132228215509876,
        1.0,
        -0.36724736910547945,
        0.08843134031054341,
        0.10147502123752762,
        -0.0007953070530465478,
        0.012479738862874734,
        0.28921186133069304,
        0.06810133836256055,
        -0.0884256620754736,
        -0.10177702230820972
      ],
      [
        -0.19826231918409076,
        -0.36724736910547945,
        1.0,
        -0.3223621663658363,
        -0.3568077990020591,
        -0.014622308684295565,
        -0.050797977210994834,
        -0.1270307446714152,
        -0.016154881069999995,
        0.32238029564823106,
        0.28872924148383183
      ],
      [
        0.43575566469977706,
        0.08843134031054341,
        -0.3223621663658363,
        1.0,
        0.9993293898640181,
        0.19515496003124871,
        0.2060878040504072,
        -0.05371658363139539,
        -0.17899529362291067,
        -0.9999999684280501,
        0.04713773602077871
      ],
      [
        0.43769889027563463,
        0.10147502123752762,
        -0.3568077990020591,
        0.9993293898640182,
        0.9999999999999998,
        0.19315622557471704,
        0.20534474015152654,
        -0.048097005571003104,
        -0.17601838698689415,
        -0.9993300599732011,
        0.03534986662475173
      ],
      [
        -0.05717375212351013,
        -0.0007953070530465478,
        -0.014622308684295565,
        0.19515496003124871,
        0.19315622557471704,
        1.0,
        0.9993418084367769,
        -0.05644572990732383,
        0.16470650403818135,
        -0.19515845153662506,
        0.9509224775553887
      ],
      [
        -0.0495149695522113,
        0.012479738862874734,
        -0.050797977210994834,
        0.2060878040504072,
        0.20534474015152654,
        0.9993418084367769,
        1.0,
        -0.05236798237839864,
        0.16516086730504634,
        -0.20609196548578115,
        0.939355948374967
      ],
      [
        -0.07755001151387424,
        0.289211861330693,
        -0.1270307446714152,
        -0.053716583631395386,
        -0.048097005571003104,
        -0.05644572990732383,
        -0.05236798237839863,
        1.0,
        0.12809408241105508,
        0.05370504194710453,
        -0.08015943580269029
      ],
      [
        0.034063153457303486,
        0.06810133836256055,
        -0.016154881069999998,
        -0.17899529362291064,
        -0.17601838698689415,
        0.16470650403818132,
        0.16516086730504637,
        0.12809408241105508,
        0.9999999999999999,
        0.17899103545830833,
        0.15246748333067628
      ],
      [
        -0.43574554291959233,
        -0.0884256620754736,
        0.322380295648231,
        -0.99999996842805,
        -0.9993300599732011,
        -0.19515845153662503,
        -0.20609196548578115,
        0.053705041947104536,
        0.1789910354583083,
        1.0,
        -0.04713707782250227
      ],
      [
        -0.13302623396306332,
        -0.10177702230820972,
        0.28872924148383183,
        0.04713773602077872,
        0.03534986662475173,
        0.9509224775553888,
        0.939355948374967,
        -0.08015943580269029,
        0.15246748333067628,
        -0.04713707782250227,
        1.0
      ]
    ]
  },
  "pca": {
    "explained_variance": [
      0.377,
      0.2967,
      0.1737,
      0.1192,
      0.0333
    ],
    "n_pages": 214
  },
  "anova": {
    "ink_density": {
      "f_statistic": 4.5573,
      "p_value": 9.8e-05,
      "significant": true,
      "groups": {
        "T": 5,
        "H": 125,
        "C": 8,
        "A": 2,
        "Z": 7,
        "B": 20,
        "P": 12,
        "S": 24
      }
    },
    "total_glyphs": {
      "f_statistic": 48.936,
      "p_value": 0.0,
      "significant": true,
      "groups": {
        "T": 5,
        "H": 125,
        "C": 8,
        "A": 2,
        "Z": 7,
        "B": 20,
        "P": 12,
        "S": 24
      }
    },
    "illustration_ratio": {
      "f_statistic": 6.3736,
      "p_value": 1e-06,
      "significant": true,
      "groups": {
        "T": 5,
        "H": 125,
        "C": 8,
        "A": 2,
        "Z": 7,
        "B": 20,
        "P": 12,
        "S": 24
      }
    },
    "glyph_density": {
      "f_statistic": 42.638,
      "p_value": 0.0,
      "significant": true,
      "groups": {
        "T": 5,
        "H": 125,
        "C": 8,
        "A": 2,
        "Z": 7,
        "B": 20,
        "P": 12,
        "S": 24
      }
    }
  },
  "mapping_available": true
}